SalesCD,SalesName,SalesSecCD,SalesSecName,CustomerCD,CustomerName,Cat12CD,Cat12Name,PartNo,Ship(CO)YM,Qty,Amt
CG,REKR,TY,FUCO,CG00000088,KR FCA LG INNOTEK,11JS,RH850/F,R7F7010103AFP-C#KA4,   2024/01,4000,1094400
CG,REKR,TY,FUCO,CG00000345,KR FCA LGC AUTO,12ER,RL78(AUTO),R5F10PGJCLFB#35,?2022/12,100,13560
CG,REKR,TY,FUCO,CG00000345,KR FCA LGC AUTO,12ER,RL78(AUTO),R5F10PGJLFB#H5,?2022/12,8000,1128960
CG,REKR,TY,FUCO,CG00000521,KR FC FUHRMEISTER,13EI,RA_FAMILY-1,R7FA2L1AB3CFL#AA0,   2023/02,300,59400
CG,REKR,TY,FUCO,CG00000521,KR FC FUHRMEISTER,14EP,RA_FAMILY-2,R7FA4M1AB3CNE#AA0,?2022/12,100,31560
CG,REKR,TY,FUCO,CG00000521,KR FC FUHRMEISTER,14Q0,WIRELESS MCU-2,R7FA4W1AD2CNG#AA0,   2023/09,50,23880
CG,REKR,TY,FUCO,CG00000988,KR FC HEUM,13EJ,RL78_GENERAL,R5F100GFAFB#10,   2024/01,4000,489600
CG,REKR,TY,FUCO,CG00000988,KR FC HEUM,13EJ,RL78_GENERAL,R5F100GFAFB#10,   2024/03,4000,489600
CG,REKR,TY,FUCO,CG00000988,KR FC HEUM,13EJ,RL78_GENERAL,R5F10278ANA#45,?2022/12,5000,330000
CG,REKR,TY,FUCO,CG00000988,KR FC HEUM,13EJ,RL78_GENERAL,R5F10278ANA#45,   2023/03,40000,2640000
CG,REKR,TY,FUCO,CG00000988,KR FC HEUM,13EJ,RL78_GENERAL,R5F10278ANA#45,   2023/04,15000,990000
CG,REKR,TY,FUCO,CG00000988,KR FC HEUM,14EP,RA_FAMILY-2,R7FA6M1AD3CFM#AA5,?2022/12,65440,30076224
CG,REKR,TY,FUCO,CG00000988,KR FC HEUM,1AE9,TOOL_HARD,RTE0T0002LKCE00000R,?2022/12,1,6120
CG,REKR,TY,FUCO,CG00001044,KR FC CRESYN,13EJ,RL78_GENERAL,R5F10278ANA#45,?2022/12,150000,9900000
CG,REKR,TY,FUCO,CG00001044,KR FC CRESYN,13EJ,RL78_GENERAL,R5F10278ANA#45,   2023/02,32500,2145000
CG,REKR,TY,FUCO,CG00001044,KR FC CRESYN,13EJ,RL78_GENERAL,R5F10278ANA#45,   2023/03,17500,1155000
CG,REKR,TY,FUCO,CG00001044,KR FC CRESYN,13EJ,RL78_GENERAL,R5F10278ANA#45,   2023/04,7500,495000
CG,REKR,TY,FUCO,CG00001045,KR FC CHEMTRONICS,14QW,RX200/100,R5F51303ADFL#10,   2023/12,865000,138054000
CG,REKR,TY,FUCO,CG00001045,KR FC CHEMTRONICS,14QW,RX200/100,R5F51303ADFL#10,   2024/01,578000,92248800
CG,REKR,TY,FUCO,CG00001045,KR FC CHEMTRONICS,14QW,RX200/100,R5F51303ADFL#10,   2024/02,104000,16598400
CG,REKR,TY,FUCO,CG00001045,KR FC CHEMTRONICS,14QW,RX200/100,R5F51303ADFL#10,   2024/03,48000,7660800
CG,REKR,TY,FUCO,CG00001061,KR FC DAONTECH,13EJ,RL78_GENERAL,R5F100GEAFB#10,   2023/04,2000,220800
CG,REKR,TY,FUCO,CG00001110,KR FC HANTROTECH,1AKY,TOOL_HARD3,QB-R5F100LE-TB,?2022/12,18,28080
CG,REKR,TY,FUCO,CG00001110,KR FC HANTROTECH,1AKY,TOOL_HARD3,QB-R5F1026A-TB,?2022/12,9,14040
CG,REKR,TY,FUCO,CG00001110,KR FC HANTROTECH,13EJ,RL78_GENERAL,R5F1007CANA#00,?2022/12,66640,5117952
CG,REKR,TY,FUCO,CG00001110,KR FC HANTROTECH,13EJ,RL78_GENERAL,R5F1007CANA#00,   2023/02,15680,1204224
CG,REKR,TY,FUCO,CG00001110,KR FC HANTROTECH,13EJ,RL78_GENERAL,R5F100GEAFB#10,   2023/06,29400,3245760
CG,REKR,TY,FUCO,CG00001110,KR FC HANTROTECH,13EJ,RL78_GENERAL,R5F100GEAFB#10,   2023/09,268000,29587200
CG,REKR,TY,FUCO,CG00001110,KR FC HANTROTECH,13EJ,RL78_GENERAL,R5F100LEAFB#10,?2022/12,6400,829440
CG,REKR,TY,FUCO,CG00001110,KR FC HANTROTECH,13EJ,RL78_GENERAL,R5F100LEAFB#10,   2023/01,1280,165888
CG,REKR,TY,FUCO,CG00001110,KR FC HANTROTECH,13EJ,RL78_GENERAL,R5F100LEAFB#10,   2023/02,1280,165888
CG,REKR,TY,FUCO,CG00001110,KR FC HANTROTECH,13EJ,RL78_GENERAL,R5F100LEAFB#10,   2023/04,5120,663552
CG,REKR,TY,FUCO,CG00001110,KR FC HANTROTECH,13EJ,RL78_GENERAL,R5F100LEAFB#10,   2023/05,1280,165888
CG,REKR,TY,FUCO,CG00001110,KR FC HANTROTECH,13EJ,RL78_GENERAL,R5F100LEAFB#10,   2023/06,5120,663552
CG,REKR,TY,FUCO,CG00001110,KR FC HANTROTECH,14EP,RA_FAMILY-2,R7FA6T1AB3CFP#AA0,?2022/12,28743,9278238
CG,REKR,TY,FUCO,CG00001110,KR FC HANTROTECH,14EP,RA_FAMILY-2,R7FA6T1AB3CFP#AA0,   2023/02,4316,1393205
CG,REKR,TY,FUCO,CG00001110,KR FC HANTROTECH,14EP,RA_FAMILY-2,R7FA6T1AB3CFP#AA0,   2023/07,1657,534880
CG,REKR,TY,FUCO,CG00001110,KR FC HANTROTECH,14EP,RA_FAMILY-2,R7FA6T1AB3CFP#AA0,   2023/08,3383,1092033
CG,REKR,TY,FUCO,CG00001110,KR FC HANTROTECH,14EP,RA_FAMILY-2,R7FA6T1AB3CFP#AA0,   2023/09,5138,1658547
CG,REKR,TY,FUCO,CG00001110,KR FC HANTROTECH,14EP,RA_FAMILY-2,R7FA6T1AB3CFP#AA0,   2023/11,458,147843
CG,REKR,TY,FUCO,CG00001110,KR FC HANTROTECH,14EP,RA_FAMILY-2,R7FA6T1AD3CFP#AA0,   2023/02,12706,4360699
CG,REKR,TY,FUCO,CG00001110,KR FC HANTROTECH,14EP,RA_FAMILY-2,R7FA6T1AD3CFP#AA0,   2023/03,16254,5578373
CG,REKR,TY,FUCO,CG00001110,KR FC HANTROTECH,14EP,RA_FAMILY-2,R7FA6T1AD3CFP#AA0,   2023/04,380,130416
CG,REKR,TY,FUCO,CG00001110,KR FC HANTROTECH,14EP,RA_FAMILY-2,R7FA6T1AD3CFP#AA0,   2023/05,565,193908
CG,REKR,TY,FUCO,CG00001110,KR FC HANTROTECH,19SK,RZ/G,R9A07G044L27GBG#BC0,?2022/12,7616,9029528
CG,REKR,TY,FUCO,CG00001110,KR FC HANTROTECH,19SK,RZ/G,R9A07G044L27GBG#BC0,   2023/03,952,1128692
CG,REKR,TY,FUCO,CG00001110,KR FC HANTROTECH,19SK,RZ/G,R9A07G044L27GBG#BC0,   2024/01,2856,3386074
CG,REKR,TY,FUCO,CG00001110,KR FC HANTROTECH,1AKY,TOOL_HARD3,RTE0T00001FWRAS000R,?2022/12,3,239400
CG,REKR,TY,FUCO,CG00001110,KR FC HANTROTECH,1AE9,TOOL_HARD,RTE0T00020KCAA0000J,?2022/12,9,216000
CG,REKR,TY,FUCO,CG00001110,KR FC HANTROTECH,1AE9,TOOL_HARD,RTE0T00020KCAC1000J,?2022/12,12,31680
CG,REKR,TY,FUCO,CG00001132,KR FC SOLITY,13EJ,RL78_GENERAL,R5F100GEAFB#10,   2023/09,392000,43276800
CG,REKR,TY,FUCO,CG00001132,KR FC SOLITY,13EJ,RL78_GENERAL,R5F100GEAFB#10,   2023/10,124000,13689600
CG,REKR,TY,FUCO,CG00001132,KR FC SOLITY,13EJ,RL78_GENERAL,R5F100GEAFB#10,   2023/11,176000,19430400
CG,REKR,TY,FUCO,CG00001132,KR FC SOLITY,13EJ,RL78_GENERAL,R5F100GEAFB#10,   2023/12,102000,11260800
CG,REKR,TY,FUCO,CG00001132,KR FC SOLITY,13EJ,RL78_GENERAL,R5F100GEAFB#10,   2024/01,18000,1987200
CG,REKR,TY,FUCO,CG00001132,KR FC SOLITY,13EJ,RL78_GENERAL,R5F100GGAFB#10,   2024/01,4000,537600
CG,REKR,TY,FUCO,CG00001132,KR FC SOLITY,13EJ,RL78_GENERAL,R5F100GGAFB#10,   2024/02,2000,268800
CG,REKR,TY,FUCO,CG00001301,KR FCA LG MAGNA E,11JT,RH850/E,R7F702014AEABG-C#BC0,   2023/10,352,1393920
CG,REKR,TY,FUCO,CG00001314,KR FCH EVERYBOT,13EI,RA_FAMILY-1,R7FA2E1A52DFJ#AA0,   2024/03,250,23700
CG,REKR,TY,FUCO,CG00001314,KR FCH EVERYBOT,14EP,RA_FAMILY-2,R7FA4M3AD3CFB#AA0,   2023/04,26973,10713673
CG,REKR,TY,FUCO,CG00001314,KR FCH EVERYBOT,14EP,RA_FAMILY-2,R7FA4M3AD3CFB#AA0,   2023/05,167,66333
CG,REKR,TY,FUCO,CG00001314,KR FCH EVERYBOT,14EP,RA_FAMILY-2,R7FA4M3AD3CFB#AA0,   2023/06,7227,2870565
CG,REKR,TY,FUCO,CG00001314,KR FCH EVERYBOT,14EP,RA_FAMILY-2,R7FA4M3AD3CFB#AA0,   2023/07,89,35351
CG,REKR,TY,FUCO,CG00001314,KR FCH EVERYBOT,14EP,RA_FAMILY-2,R7FA4M3AD3CFB#AA0,   2023/09,53,21052
CG,REKR,TY,FUCO,CG00001314,KR FCH EVERYBOT,14EP,RA_FAMILY-2,R7FA4M3AD3CFB#BA0,   2024/01,5280,2097216
CG,REKR,TY,FUCO,CG00001314,KR FCH EVERYBOT,14EP,RA_FAMILY-2,R7FA4M3AD3CFB#BA0,   2024/02,4320,1715904
CG,REKR,TY,FUCO,CG00001367,KR FCH G I TECH,13EJ,RL78_GENERAL,R5F100GEAFB#10,   2023/01,6000,662400
CG,REKR,TY,FUCO,CG00001367,KR FCH G I TECH,13EJ,RL78_GENERAL,R5F100GEAFB#10,   2023/02,4000,441600
CG,REKR,TY,FUCO,CG00001367,KR FCH G I TECH,13EJ,RL78_GENERAL,R5F100GEAFB#10,   2023/06,22000,2428800
CG,REKR,TY,FUCO,CG00001367,KR FCH G I TECH,13EJ,RL78_GENERAL,R5F100GEAFB#10,   2023/07,4000,441600
CG,REKR,TY,FUCO,CG00001379,KR FC SOOMEE TECH,13EJ,RL78_GENERAL,R5F100LJAFA#10,?2022/12,2856,610041
CG,REKR,TY,FUCO,CG00001379,KR FC SOOMEE TECH,19SK,RZ/G,R9A07G043U11GBG#BC0,   2023/12,5712,4256582
CG,REKR,TY,FUCO,CG00001472,KR FCH EVERNET CORP,13EJ,RL78_GENERAL,R5F100GEAFB#10,?2022/12,26000,2870400
CG,REKR,TY,FUCO,CG00001472,KR FCH EVERNET CORP,13EJ,RL78_GENERAL,R5F100GEAFB#10,   2023/01,32000,3532800
CG,REKR,TY,FUCO,CG00001472,KR FCH EVERNET CORP,13EJ,RL78_GENERAL,R5F100GEAFB#10,   2023/02,6000,662400
CG,REKR,TY,FUCO,CG00001472,KR FCH EVERNET CORP,13EJ,RL78_GENERAL,R5F100GEAFB#10,   2023/06,54000,5961600
CG,REKR,TY,FUCO,CG00001472,KR FCH EVERNET CORP,13EJ,RL78_GENERAL,R5F100GEAFB#10,   2023/07,4000,441600
CG,REKR,TY,FUCO,CG00001472,KR FCH EVERNET CORP,13EJ,RL78_GENERAL,R5F100GEAFB#10,   2023/08,80000,8832000
CG,REKR,TY,FUCO,CG00001472,KR FCH EVERNET CORP,13EJ,RL78_GENERAL,R5F100GEAFB#10,   2023/09,58000,6403200
CG,REKR,TY,FUCO,CG00001472,KR FCH EVERNET CORP,13EJ,RL78_GENERAL,R5F100GEAFB#10,   2023/10,26000,2870400
CG,REKR,TY,FUCO,CG00001472,KR FCH EVERNET CORP,13EJ,RL78_GENERAL,R5F100GEAFB#10,   2023/11,38000,4195200
CG,REKR,TY,FUCO,CG00001472,KR FCH EVERNET CORP,13EJ,RL78_GENERAL,R5F100GEAFB#10,   2023/12,32000,3532800
CG,REKR,TY,FUCO,CG00001486,KR FC TERALINK COMM,14QW,RX200/100,R5F52318BGFL#30,?2022/12,100,42360
CG,REKR,TY,FUCO,CG00001514,KR FC MODERNTEC,1AE9,TOOL_HARD,RTE0T0002LKCE00000R,?2022/12,4,24480
CG,REKR,TY,FUCO,CG00001516,KR FCU INTELLOID,14EP,RA_FAMILY-2,R7FA6M1AD3CNB#BA5,   2024/02,19488,11131545
CG,REKR,TY,FUCO,CG00001572,KR FC HNS TECH,14EP,RA_FAMILY-2,R7FA6T2BB3CFL#AA0,?2022/12,40,16656
CG,REKR,TY,FUCO,CG00002115,KR FCO ENERTECH GLOB,13EJ,RL78_GENERAL,R5F100GGAFB#10,   2024/02,2000,268800
CG,REKR,TY,FUCO,CG09000161,KR FC LG AIRCON,1AKY,TOOL_HARD3,QB-64FA-EA-01T,   2024/02,3,32400
CG,REKR,TY,FUCO,CG09000161,KR FC LG AIRCON,1AKY,TOOL_HARD3,QB-64FA-NQ-01T,   2024/02,3,15120
CG,REKR,TY,FUCO,CG09000161,KR FC LG AIRCON,1AKY,TOOL_HARD3,QB-80GC-NQ-01T,   2024/02,3,15120
CG,REKR,TY,FUCO,CG09000161,KR FC LG AIRCON,1AE9,TOOL_HARD,R0E000010ACB10,?2022/12,7,84000
CG,REKR,TY,FUCO,CG09000161,KR FC LG AIRCON,1AE9,TOOL_HARD,R0E000010ACB10,   2024/01,30,360000
CG,REKR,TY,FUCO,CG09000161,KR FC LG AIRCON,1AE9,TOOL_HARD,R0E000010ACB10,   2024/03,25,300000
CG,REKR,TY,FUCO,CG09000161,KR FC LG AIRCON,1AE9,TOOL_HARD,R0E000010ACB20,   2023/10,7,168000
CG,REKR,TY,FUCO,CG09000161,KR FC LG AIRCON,1AE9,TOOL_HARD,R0K50100LS000BE,?2022/12,4,0
CG,REKR,TY,FUCO,CG09000161,KR FC LG AIRCON,1AE9,TOOL_HARD,R0K50100LS900BE,?2022/12,8,144000
CG,REKR,TY,FUCO,CG09000161,KR FC LG AIRCON,1AE9,TOOL_HARD,R0K50110PS000BE,?2022/12,2,55200
CG,REKR,TY,FUCO,CG09000161,KR FC LG AIRCON,25RM,P-MANAGEMENT2,R2A20114CFP#W2,   2023/07,10000,1269600
CG,REKR,TY,FUCO,CG09000161,KR FC LG AIRCON,25RM,P-MANAGEMENT2,R2A20114CFP#W2,   2023/08,40000,5078400
CG,REKR,TY,FUCO,CG09000161,KR FC LG AIRCON,13EJ,RL78_GENERAL,R5F100FEAFP#10,   2024/01,115200,6080022
CG,REKR,TY,FUCO,CG09000161,KR FC LG AIRCON,13EJ,RL78_GENERAL,R5F100FEAFP#10,   2024/02,74240,3919130
CG,REKR,TY,FUCO,CG09000161,KR FC LG AIRCON,13EJ,RL78_GENERAL,R5F100FEAFP#10,   2024/03,3840,202714
CG,REKR,TY,FUCO,CG09000161,KR FC LG AIRCON,13EJ,RL78_GENERAL,R5F100FGAFP#10,   2024/01,5120,401202
CG,REKR,TY,FUCO,CG09000161,KR FC LG AIRCON,13EJ,RL78_GENERAL,R5F100FGAFP#10,   2024/02,144640,11333991
CG,REKR,TY,FUCO,CG09000161,KR FC LG AIRCON,13EJ,RL78_GENERAL,R5F100FGAFP#10,   2024/03,15360,1203610
CG,REKR,TY,FUCO,CG09000161,KR FC LG AIRCON,13EJ,RL78_GENERAL,R5F100FJAFP#10,   2023/06,1280,112128
CG,REKR,TY,FUCO,CG09000161,KR FC LG AIRCON,13EJ,RL78_GENERAL,R5F100FJAFP#10,   2024/01,39680,3475968
CG,REKR,TY,FUCO,CG09000161,KR FC LG AIRCON,13EJ,RL78_GENERAL,R5F100FJAFP#10,   2024/02,7680,672768
CG,REKR,TY,FUCO,CG09000161,KR FC LG AIRCON,13EJ,RL78_GENERAL,R5F100FJAFP#10,   2024/03,24320,2130432
CG,REKR,TY,FUCO,CG09000161,KR FC LG AIRCON,13EJ,RL78_GENERAL,R5F100FJAFP#30,   2023/06,128,11212
CG,REKR,TY,FUCO,CG09000161,KR FC LG AIRCON,13EJ,RL78_GENERAL,R5F100FLAFP#10,   2023/12,42040,4232585
CG,REKR,TY,FUCO,CG09000161,KR FC LG AIRCON,13EJ,RL78_GENERAL,R5F100FLAFP#10,   2024/01,88320,8892058
CG,REKR,TY,FUCO,CG09000161,KR FC LG AIRCON,13EJ,RL78_GENERAL,R5F100FLAFP#10,   2024/02,323840,32604212
CG,REKR,TY,FUCO,CG09000161,KR FC LG AIRCON,13EJ,RL78_GENERAL,R5F100FLAFP#10,   2024/03,209920,21134746
CG,REKR,TY,FUCO,CG09000161,KR FC LG AIRCON,13EJ,RL78_GENERAL,R5F100LEAFB#10,   2023/05,69120,5225472
CG,REKR,TY,FUCO,CG09000161,KR FC LG AIRCON,13EJ,RL78_GENERAL,R5F100LEAFB#10,   2023/06,30720,2322432
CG,REKR,TY,FUCO,CG09000161,KR FC LG AIRCON,13EJ,RL78_GENERAL,R5F100LEAFB#10,   2023/09,5120,387072
CG,REKR,TY,FUCO,CG09000161,KR FC LG AIRCON,13EJ,RL78_GENERAL,R5F100LHAFA#10,   2024/02,84728,7828867
CG,REKR,TY,FUCO,CG09000161,KR FC LG AIRCON,13EJ,RL78_GENERAL,R5F100LHAFA#10,   2024/03,42840,3958416
CG,REKR,TY,FUCO,CG09000161,KR FC LG AIRCON,13EJ,RL78_GENERAL,R5F100LLAFA#10,   2023/11,18088,2648688
CG,REKR,TY,FUCO,CG09000161,KR FC LG AIRCON,13EJ,RL78_GENERAL,R5F100LLAFA#10,   2023/12,8568,1254784
CG,REKR,TY,FUCO,CG09000161,KR FC LG AIRCON,13EJ,RL78_GENERAL,R5F100LLAFA#10,   2024/01,952,139421
CG,REKR,TY,FUCO,CG09000161,KR FC LG AIRCON,13EJ,RL78_GENERAL,R5F100LLAFA#10,   2024/02,27608,4043192
CG,REKR,TY,FUCO,CG09000161,KR FC LG AIRCON,13EJ,RL78_GENERAL,R5F100LLAFA#10,   2024/03,24752,3624931
CG,REKR,TY,FUCO,CG09000161,KR FC LG AIRCON,13EJ,RL78_GENERAL,R5F100MHAFA#10,   2023/12,13680,1408491
CG,REKR,TY,FUCO,CG09000161,KR FC LG AIRCON,13EJ,RL78_GENERAL,R5F100MHAFA#10,   2024/01,4320,444788
CG,REKR,TY,FUCO,CG09000161,KR FC LG AIRCON,13EJ,RL78_GENERAL,R5F100MHAFA#10,   2024/02,2880,296525
CG,REKR,TY,FUCO,CG09000161,KR FC LG AIRCON,13EJ,RL78_GENERAL,R5F100MHAFA#10,   2024/03,720,74132
CG,REKR,TY,FUCO,CG09000161,KR FC LG AIRCON,13EJ,RL78_GENERAL,R5F100MKAFA#10,   2024/03,563730,68238257
CG,REKR,TY,FUCO,CG09000161,KR FC LG AIRCON,13EJ,RL78_GENERAL,R5F100MLAFA#10,   2024/02,7920,1111968
CG,REKR,TY,FUCO,CG09000161,KR FC LG AIRCON,13EJ,RL78_GENERAL,R5F100MLAFA#10,   2024/03,39600,5559840
CG,REKR,TY,FUCO,CG09000161,KR FC LG AIRCON,13EJ,RL78_GENERAL,R5F101AFASP#10,   2023/10,31920,1608768
CG,REKR,TY,FUCO,CG09000161,KR FC LG AIRCON,13EJ,RL78_GENERAL,R5F101AFASP#10,   2023/11,40320,2032128
CG,REKR,TY,FUCO,CG09000161,KR FC LG AIRCON,13EJ,RL78_GENERAL,R5F101AFASP#10,   2023/12,20160,1016064
CG,REKR,TY,FUCO,CG09000161,KR FC LG AIRCON,13EX,R8C,R5F21355CDFP#30,   2024/02,2524,191723
CG,REKR,TY,FUCO,CG09000161,KR FC LG AIRCON,13EX,R8C,R5F21355CDFP#30,   2024/03,3875,294345
CG,REKR,TY,FUCO,CG09000161,KR FC LG AIRCON,14QW,RX200/100,R5F51305ADFL#30,?2022/12,400,64800
CG,REKR,TY,FUCO,CG09000161,KR FC LG AIRCON,14QW,RX200/100,R5F5210ABDFB#10,   2024/02,19680,9670752
CG,REKR,TY,FUCO,CG09000161,KR FC LG AIRCON,14QW,RX200/100,R5F5210ABDFB#10,   2024/03,12000,5896800
CG,REKR,TY,FUCO,CG09000161,KR FC LG AIRCON,14QW,RX200/100,R5F5210BBDFB#10,   2023/02,480,380160
CG,REKR,TY,FUCO,CG09000161,KR FC LG AIRCON,14QW,RX200/100,R5F5210BBDFB#30,?2022/12,525,378000
CG,REKR,TY,FUCO,CG09000161,KR FC LG AIRCON,14QI,RX-ASSP,R5F524TAADFF#11,   2023/09,114480,20280973
CG,REKR,TY,FUCO,CG09000161,KR FC LG AIRCON,14QI,RX-ASSP,R5F524TAADFF#11,   2023/10,50400,8929872
CG,REKR,TY,FUCO,CG09000161,KR FC LG AIRCON,14QI,RX-ASSP,R5F524TAADFF#11,   2023/11,50400,8929872
CG,REKR,TY,FUCO,CG09000161,KR FC LG AIRCON,14QI,RX-ASSP,R5F524TAADFF#11,   2023/12,100080,17732175
CG,REKR,TY,FUCO,CG09000161,KR FC LG AIRCON,14QI,RX-ASSP,R5F524UEADFB#10,   2023/08,20160,4919167
CG,REKR,TY,FUCO,CG09000161,KR FC LG AIRCON,14QI,RX-ASSP,R5F524UEADFB#10,   2023/09,15840,3865119
CG,REKR,TY,FUCO,CG09000161,KR FC LG AIRCON,14QI,RX-ASSP,R5F524UEADFB#10,   2023/10,5280,1288373
CG,REKR,TY,FUCO,CG09000161,KR FC LG AIRCON,14QI,RX-ASSP,R5F524UEADFB#10,   2023/11,35520,8667236
CG,REKR,TY,FUCO,CG09000161,KR FC LG AIRCON,14QI,RX-ASSP,R5F524UEADFB#10,   2023/12,6240,1522623
CG,REKR,TY,FUCO,CG09000161,KR FC LG AIRCON,14QI,RX-ASSP,R5F524UEADFB#10,   2024/01,4800,1171248
CG,REKR,TY,FUCO,CG09000161,KR FC LG AIRCON,14QI,RX-ASSP,R5F526TFCGFP#YK1,   2023/04,50,23940
CG,REKR,TY,FUCO,CG09000161,KR FC LG AIRCON,14QI,RX-ASSP,R5F562T7DDFK#11,   2024/01,6480,1189728
CG,REKR,TY,FUCO,CG09000161,KR FC LG AIRCON,14QI,RX-ASSP,R5F562T7DDFK#11,   2024/02,15120,2776032
CG,REKR,TY,FUCO,CG09000161,KR FC LG AIRCON,14QI,RX-ASSP,R5F562T7DDFK#11,   2024/03,14400,2643840
CG,REKR,TY,FUCO,CG09000161,KR FC LG AIRCON,14QI,RX-ASSP,R5F562TADDFP#11,   2024/02,99360,19077120
CG,REKR,TY,FUCO,CG09000161,KR FC LG AIRCON,14QI,RX-ASSP,R5F562TADDFP#11,   2024/03,86400,16588800
CG,REKR,TY,FUCO,CG09000161,KR FC LG AIRCON,14QY,RX600,R5F5631EDDFB#10,   2023/03,3840,2442240
CG,REKR,TY,FUCO,CG09000161,KR FC LG AIRCON,14QY,RX600,R5F5631EDDFB#10,   2023/04,1920,1221120
CG,REKR,TY,FUCO,CG09000161,KR FC LG AIRCON,14QY,RX600,R5F5631EDDFB#10,   2023/06,960,610560
CG,REKR,TY,FUCO,CG09000161,KR FC LG AIRCON,14QY,RX600,R5F5631EDDFB#10,   2023/11,960,610560
CG,REKR,TY,FUCO,CG09000161,KR FC LG AIRCON,14QY,RX600,R5F5631EDDFB#10,   2023/12,1440,915840
CG,REKR,TY,FUCO,CG09000161,KR FC LG AIRCON,14QY,RX600,R5F5634EYDFB#10,   2023/08,9120,4362667
CG,REKR,TY,FUCO,CG09000161,KR FC LG AIRCON,14QY,RX600,R5F5634EYDFB#10,   2024/02,1440,688853
CG,REKR,TY,FUCO,CG09000161,KR FC LG AIRCON,14QY,RX600,R5F5634EYDFB#30,?2022/12,130,93600
CG,REKR,TY,FUCO,CG09000161,KR FC LG AIRCON,14QI,RX-ASSP,R5F566TAADFM#30,   2023/06,200,52560
CG,REKR,TY,FUCO,CG09000161,KR FC LG AIRCON,14QI,RX-ASSP,R5F566TAADFP#10,   2024/01,30960,6193237
CG,REKR,TY,FUCO,CG09000161,KR FC LG AIRCON,14QI,RX-ASSP,R5F566TAADFP#10,   2024/02,36720,7345469
CG,REKR,TY,FUCO,CG09000161,KR FC LG AIRCON,14QI,RX-ASSP,R5F566TAADFP#10,   2024/03,19440,3888778
CG,REKR,TY,FUCO,CG09000161,KR FC LG AIRCON,14QI,RX-ASSP,R5F566TEADFM#10,   2024/03,5120,983040
CG,REKR,TY,FUCO,CG09000161,KR FC LG AIRCON,14QI,RX-ASSP,R5F566TKADFP#10,   2024/02,17280,4004121
CG,REKR,TY,FUCO,CG09000161,KR FC LG AIRCON,14QI,RX-ASSP,R5F566TKADFP#10,   2024/03,66240,15349133
CG,REKR,TY,FUCO,CG09000161,KR FC LG AIRCON,14QI,RX-ASSP,R5F566TKCDFB#10,?2022/12,107040,28258560
CG,REKR,TY,FUCO,CG09000161,KR FC LG AIRCON,14QI,RX-ASSP,R5F566TKCDFB#10,   2023/08,5760,1520640
CG,REKR,TY,FUCO,CG09000161,KR FC LG AIRCON,14QI,RX-ASSP,R5F566TKCDFB#10,   2023/09,60000,15840000
CG,REKR,TY,FUCO,CG09000161,KR FC LG AIRCON,14EZ,M32C(GENERAL),R5F64112DFB#U0,   2023/09,74710,31449918
CG,REKR,TY,FUCO,CG09000161,KR FC LG AIRCON,14EZ,M32C(GENERAL),R5F64112DFB#U0,   2023/10,3412,1436316
CG,REKR,TY,FUCO,CG09000161,KR FC LG AIRCON,14EZ,M32C(GENERAL),R5F64112DFB#U0,   2023/12,35907,15115411
CG,REKR,TY,FUCO,CG09000161,KR FC LG AIRCON,14EZ,M32C(GENERAL),R5F64112DFB#U0,   2024/01,46491,19570852
CG,REKR,TY,FUCO,CG09000161,KR FC LG AIRCON,14EZ,M32C(GENERAL),R5F64112DFB#U0,   2024/02,6658,2802752
CG,REKR,TY,FUCO,CG09000161,KR FC LG AIRCON,14EZ,M32C(GENERAL),R5F64112DFB#U0,   2024/03,5073,2135531
CG,REKR,TY,FUCO,CG09000161,KR FC LG AIRCON,13EJ,RL78_GENERAL,R7F100GMN2DFA#BA0,   2024/03,9360,1482624
CG,REKR,TY,FUCO,CG09000161,KR FC LG AIRCON,21HF,HV-IGBT,RJP60F0DPM-00#T1,?2022/12,9747,818748
CG,REKR,TY,FUCO,CG09000161,KR FC LG AIRCON,1AKY,TOOL_HARD3,RTE0T00001FWRAS000R,   2023/06,4,319200
CG,REKR,TY,FUCO,CG09000161,KR FC LG AIRCON,1AE9,TOOL_HARD,RTE0T00020KCE00000R,   2023/11,6,272880
CG,REKR,TY,FUCO,CG09000161,KR FC LG AIRCON,1AE9,TOOL_HARD,RTE0T0002LKCE00000R,   2023/10,21,128520
CG,REKR,TY,FUCO,CG09000161,KR FC LG AIRCON,1AE9,TOOL_HARD,RTE0T0002LKCE00000R,   2024/03,100,612000
CG,REKR,TY,FUCO,CG09000161,KR FC LG AIRCON,1AQ4,EVALUATION TOOL,RTK0EML2C0S01020BJ,?2022/12,2,84000
CG,REKR,TY,FUCO,CG09000161,KR FC LG AIRCON,1AE9,TOOL_HARD,RTK50566T0S00000BE,   2023/04,2,58320
CG,REKR,TY,FUCO,CG09000161,KR FC LG AIRCON,1AE9,TOOL_HARD,RTK9744L23S01000BE,   2024/01,1,58500
CG,REKR,TY,FUCO,CG09000161,KR FC LG AIRCON,1AE9,TOOL_HARD,RTK9744L27S01000BE,   2023/07,1,66600
CG,REKR,TY,FUCO,CG09000161,KR FC LG AIRCON,13KH,78KX2/K-2,UPD78F0513GB(S)-UES-A,   2023/11,3789,235523
CG,REKR,TY,FUCO,CG09000161,KR FC LG AIRCON,13KH,78KX2/K-2,UPD78F0513GB(S)-UES-A,   2024/03,4973,309122
CG,REKR,TY,FUCO,CG09000161,KR FC LG AIRCON,13KH,78KX2/K-2,UPD78F0525AGB(S)-GAG-AX,   2023/07,2325,215109
CG,REKR,TY,FUCO,CG09000161,KR FC LG AIRCON,13KH,78KX2/K-2,UPD78F0525AGB(S)-GAG-M1-AX,   2023/09,1280,118424
CG,REKR,TY,FUCO,CG09000161,KR FC LG AIRCON,13KH,78KX2/K-2,UPD78F0525AGB(S)-GAG-M1-AX,   2023/12,10240,947405
CG,REKR,TY,FUCO,CG09000161,KR FC LG AIRCON,13KH,78KX2/K-2,UPD78F0525AGB(S)-GAG-M1-AX,   2024/01,5120,473703
CG,REKR,TY,FUCO,CG09000161,KR FC LG AIRCON,13KH,78KX2/K-2,UPD78F0535AGC(S)-GAL-AX,   2024/01,4,403
CG,REKR,TY,FUCO,CG09000161,KR FC LG AIRCON,13KH,78KX2/K-2,UPD78F0537AGC(S)-GAL-AX,   2023/12,3824,438230
CG,REKR,TY,FUCO,CG09000161,KR FC LG AIRCON,13KH,78KX2/K-2,UPD78F0546AGC(S)-GAD-AX,   2023/07,720,83460
CG,REKR,TY,FUCO,CG09000161,KR FC LG AIRCON,13KH,78KX2/K-2,UPD78F0546AGC(S)-GAD-AX,   2023/10,48,5565
CG,REKR,TY,FUCO,CG09000161,KR FC LG AIRCON,13KH,78KX2/K-2,UPD78F0546AGC(S)-GAD-AX,   2023/11,672,77899
CG,REKR,TY,FUCO,CG09000161,KR FC LG AIRCON,13KH,78KX2/K-2,UPD78F0547AGC(S)-GAD-M1-AX,   2023/12,18720,2196978
CG,REKR,TY,FUCO,CG09000161,KR FC LG AIRCON,13KH,78KX2/K-2,UPD78F0547AGC(S)-GAD-M1-AX,   2024/03,1440,168999
CG,REKR,TY,FUCO,CG09000161,KR FC LG AIRCON,13K6,78K0R/K,UPD78F1165GF(S)-GAS-AX,   2024/02,3191,457971
CG,REKR,TY,FUCO,CG09000161,KR FC LG AIRCON,13K6,78K0R/K,UPD78F1165GF(S)-GAS-AX,   2024/03,53,7607
CG,REKR,TY,FUCO,CG09000161,KR FC LG AIRCON,13K6,78K0R/K,UPD78F1166AGF(S)-GAS-AX,   2023/06,1069,135976
CG,REKR,TY,FUCO,CG09000161,KR FC LG AIRCON,13K6,78K0R/K,UPD78F1166AGF(S)-GAS-M1-AX,   2023/12,115200,15416807
CG,REKR,TY,FUCO,CG09000161,KR FC LG AIRCON,13K6,78K0R/K,UPD78F1166AGF(S)-GAS-M1-AX,   2024/01,2304,308368
CG,REKR,TY,FUCO,CG09000161,KR FC LG AIRCON,13K6,78K0R/K,UPD78F1166AGF(S)-GAS-M1-AX,   2024/02,35136,4702603
CG,REKR,TY,FUCO,CG09000161,KR FC LG AIRCON,13K6,78K0R/K,UPD78F1166AGF(S)-GAS-M1-AX,   2024/03,150336,20120971
CG,REKR,TY,FUCO,CG09000161,KR FC LG AIRCON,1CXG,NRE MSIG,ZZBATTERY,?2022/12,4,0
CG,REKR,TY,FUCO,CG09000162,KR FC LG MEDIA,25RM,P-MANAGEMENT2,R2A20112ASP#W0,   2024/03,10000,504000
CG,REKR,TY,FUCO,CG09000162,KR FC LG MEDIA,13EJ,RL78_GENERAL,R5F100GEAFB#10,   2024/03,30000,1152000
CG,REKR,TY,FUCO,CG09000162,KR FC LG MEDIA,13EJ,RL78_GENERAL,R5F100LLAFA#10,   2023/11,1904,291803
CG,REKR,TY,FUCO,CG09000162,KR FC LG MEDIA,13EJ,RL78_GENERAL,R5F100LLAFA#10,   2024/02,8568,1314160
CG,REKR,TY,FUCO,CG09000162,KR FC LG MEDIA,13EJ,RL78_GENERAL,R5F100LLAFA#10,   2024/03,19992,3066373
CG,REKR,TY,FUCO,CG09000163,KR FC LG CA,14QN,H/300/300H,DF3064BFBL25V,?2022/12,1078,300701
CG,REKR,TY,FUCO,CG09000163,KR FC LG CA,14QN,H/300/300H,DF3064BFBL25V,   2023/08,2,558
CG,REKR,TY,FUCO,CG09000163,KR FC LG CA,14QN,H/300/300H,DF3064BFBL25V,   2023/11,126,35149
CG,REKR,TY,FUCO,CG09000163,KR FC LG CA,14QN,H/300/300H,DF3064BFBL25V,   2023/12,1042,290677
CG,REKR,TY,FUCO,CG09000163,KR FC LG CA,14EG,M16C(GENERAL),M3030RFEPFP#U5,?2022/12,7501,1053140
CG,REKR,TY,FUCO,CG09000163,KR FC LG CA,14EG,M16C(GENERAL),M3030RFGPFP#U3,?2022/12,148861,24572366
CG,REKR,TY,FUCO,CG09000163,KR FC LG CA,13EJ,RL78_GENERAL,R5F104AEASP#10,?2022/12,15120,1052352
CG,REKR,TY,FUCO,CG09000163,KR FC LG CA,13EJ,RL78_GENERAL,R5F1076CGSP#V0,   2023/09,143175,9582603
CG,REKR,TY,FUCO,CG09000163,KR FC LG CA,13EJ,RL78_GENERAL,R5F1076CGSP#V0,   2023/10,146,9774
CG,REKR,TY,FUCO,CG09000163,KR FC LG CA,13EJ,RL78_GENERAL,R5F1076CGSP#V0,   2023/11,21278,1424350
CG,REKR,TY,FUCO,CG09000163,KR FC LG CA,13EJ,RL78_GENERAL,R5F1076CGSP#V0,   2023/12,128722,8616651
CG,REKR,TY,FUCO,CG09000163,KR FC LG CA,13EJ,RL78_GENERAL,R5F1076CGSP#V0,   2024/02,161132,10786177
CG,REKR,TY,FUCO,CG09000163,KR FC LG CA,13EJ,RL78_GENERAL,R5F1076CGSP#V0,   2024/03,155651,10419278
CG,REKR,TY,FUCO,CG09000163,KR FC LG CA,14QW,RX200/100,R5F51308ADFM#10,   2023/11,5680,723470
CG,REKR,TY,FUCO,CG09000163,KR FC LG CA,14QW,RX200/100,R5F51308ADFM#10,   2023/12,16640,2120935
CG,REKR,TY,FUCO,CG09000163,KR FC LG CA,14QW,RX200/100,R5F51308ADFM#10,   2024/01,38400,4894464
CG,REKR,TY,FUCO,CG09000163,KR FC LG CA,14QW,RX200/100,R5F51308ADFM#10,   2024/02,25600,3262976
CG,REKR,TY,FUCO,CG09000163,KR FC LG CA,14QW,RX200/100,R5F51308ADFM#10,   2024/03,29440,3752423
CG,REKR,TY,FUCO,CG09000163,KR FC LG CA,14QI,RX-ASSP,R5F563TBDDFP#H0,   2024/02,94320,21278592
CG,REKR,TY,FUCO,CG09000163,KR FC LG CA,14QI,RX-ASSP,R5F563TBDDFP#H0,   2024/03,112320,25339392
CG,REKR,TY,FUCO,CG09000163,KR FC LG CA,14QI,RX-ASSP,R5F566TEADFP#10,   2024/01,28080,6018104
CG,REKR,TY,FUCO,CG09000163,KR FC LG CA,14QI,RX-ASSP,R5F566TEADFP#10,   2024/02,94320,20214663
CG,REKR,TY,FUCO,CG09000163,KR FC LG CA,14QI,RX-ASSP,R5F566TEADFP#10,   2024/03,56880,12190522
CG,REKR,TY,FUCO,CG09000164,KR FC LG ENERGY SOLU,13EJ,RL78_GENERAL,R5F10KBCANA#20,   2023/09,197,19763
CG,REKR,TY,FUCO,CG09000164,KR FC LG ENERGY SOLU,13EJ,RL78_GENERAL,R5F10KBCANA#20,   2024/01,3,301
CG,REKR,TY,FUCO,CG09000164,KR FC LG ENERGY SOLU,25HP,BATTERY,RAJ240045A20DNP#HC1,   2024/02,510000,42842520
CG,REKR,TY,FUCO,CG09000164,KR FC LG ENERGY SOLU,25HP,BATTERY,RAJ240045A20DNP#HC1,   2024/03,1080000,90752400
CG,REKR,TY,FUCO,CG09000164,KR FC LG ENERGY SOLU,25HP,BATTERY,RAJ240047A20DNP#HC1,   2023/02,135000,11971800
CG,REKR,TY,FUCO,CG09000164,KR FC LG ENERGY SOLU,25HP,BATTERY,RAJ240090A20GFP#HC2,   2023/05,85200,14058000
CG,REKR,TY,FUCO,CG09000164,KR FC LG ENERGY SOLU,25HP,BATTERY,RAJ240090A20GFP#HC2,   2023/06,109500,18067500
CG,REKR,TY,FUCO,CG09000164,KR FC LG ENERGY SOLU,1AQ4,EVALUATION TOOL,RTK0EF0029Z00001BM,?2022/12,12,0
CG,REKR,TY,FUCO,CG09000165,KR FC LS IS,21H6,HV-MOS,2SK2225-80-E#T2,   2024/03,12960,3732480
CG,REKR,TY,FUCO,CG09000165,KR FC LS IS,21H6,HV-MOS,2SK2225-E,   2023/07,9455,3173473
CG,REKR,TY,FUCO,CG09000165,KR FC LS IS,21H6,HV-MOS,2SK2225-E,   2023/08,72401,24300672
CG,REKR,TY,FUCO,CG09000165,KR FC LS IS,21H6,HV-MOS,2SK2225-E,   2023/09,66414,22291195
CG,REKR,TY,FUCO,CG09000165,KR FC LS IS,21H6,HV-MOS,2SK2225-E,   2023/10,14226,4774815
CG,REKR,TY,FUCO,CG09000165,KR FC LS IS,21H6,HV-MOS,2SK2225-E,   2023/11,74443,24986049
CG,REKR,TY,FUCO,CG09000165,KR FC LS IS,21H6,HV-MOS,2SK2225-E,   2023/12,163910,55014753
CG,REKR,TY,FUCO,CG09000165,KR FC LS IS,21H6,HV-MOS,2SK2225-E,   2024/01,146049,49019887
CG,REKR,TY,FUCO,CG09000165,KR FC LS IS,21H6,HV-MOS,2SK2225-E,   2024/02,140838,47270867
CG,REKR,TY,FUCO,CG09000165,KR FC LS IS,21H4,HV-THYRISTOR,CR05AS-8-CT14#F01,   2023/10,36000,829440
CG,REKR,TY,FUCO,CG09000165,KR FC LS IS,21H4,HV-THYRISTOR,CR05AS-8-CT14#F01,   2023/11,4000,92160
CG,REKR,TY,FUCO,CG09000165,KR FC LS IS,21H4,HV-THYRISTOR,CR05AS-8-CT14#F01,   2023/12,52000,1198080
CG,REKR,TY,FUCO,CG09000165,KR FC LS IS,21H4,HV-THYRISTOR,CR05AS-8-CT14#F01,   2024/01,20000,460800
CG,REKR,TY,FUCO,CG09000165,KR FC LS IS,21H4,HV-THYRISTOR,CR05AS-8-CT14#F01,   2024/02,44000,1013760
CG,REKR,TY,FUCO,CG09000165,KR FC LS IS,21H4,HV-THYRISTOR,CR05AS-8-CT14#F01,   2024/03,20000,460800
CG,REKR,TY,FUCO,CG09000165,KR FC LS IS,15G7,CIS(RT),D6417750RBA240HVU0,   2023/08,518,1660041
CG,REKR,TY,FUCO,CG09000165,KR FC LS IS,15G7,CIS(RT),D6417750RBA240HVU0,   2023/09,3842,12312535
CG,REKR,TY,FUCO,CG09000165,KR FC LS IS,15G7,CIS(RT),D6417750RBA240HVU0,   2023/10,802,2570186
CG,REKR,TY,FUCO,CG09000165,KR FC LS IS,15G7,CIS(RT),D6417750RBA240HVU0,   2023/11,2053,6579291
CG,REKR,TY,FUCO,CG09000165,KR FC LS IS,15G7,CIS(RT),D6417750RBA240HVU0,   2024/02,3289,10540325
CG,REKR,TY,FUCO,CG09000165,KR FC LS IS,14QQ,H8S/23/24/26,DF2398F20V,?2022/12,144,320025
CG,REKR,TY,FUCO,CG09000165,KR FC LS IS,14QN,H/300/300H,DF3062BFBL25V,   2023/06,1506,1317447
CG,REKR,TY,FUCO,CG09000165,KR FC LS IS,14QN,H/300/300H,DF3062BFBL25V,   2023/07,9206,8053409
CG,REKR,TY,FUCO,CG09000165,KR FC LS IS,14QN,H/300/300H,DF3062BFBL25V,   2023/08,8998,7871451
CG,REKR,TY,FUCO,CG09000165,KR FC LS IS,14QN,H/300/300H,DF3062BFBL25V,   2023/09,720,629856
CG,REKR,TY,FUCO,CG09000165,KR FC LS IS,14QN,H/300/300H,DF3062BFBL25V,   2023/11,2496,2183501
CG,REKR,TY,FUCO,CG09000165,KR FC LS IS,14QN,H/300/300H,DF3062BFI25QV,   2024/01,8492,11678198
CG,REKR,TY,FUCO,CG09000165,KR FC LS IS,14QN,H/300/300H,DF3062BFI25QV,   2024/03,2880,3960576
CG,REKR,TY,FUCO,CG09000165,KR FC LS IS,14QN,H/300/300H,DF3064BFBL25V,   2023/10,109,140217
CG,REKR,TY,FUCO,CG09000165,KR FC LS IS,14QN,H/300/300H,DF3064BFBL25V,   2023/11,630,810432
CG,REKR,TY,FUCO,CG09000165,KR FC LS IS,14QN,H/300/300H,DF3064BFBL25V,   2023/12,847,1089581
CG,REKR,TY,FUCO,CG09000165,KR FC LS IS,14QN,H/300/300H,DF3064BFBL25V,   2024/01,4894,6295642
CG,REKR,TY,FUCO,CG09000165,KR FC LS IS,14QV,H8SX/16,DF61664W50FPV,   2023/09,14267,65656734
CG,REKR,TY,FUCO,CG09000165,KR FC LS IS,14QV,H8SX/16,DF61664W50FPV,   2023/10,10539,48500478
CG,REKR,TY,FUCO,CG09000165,KR FC LS IS,14QV,H8SX/16,DF61664W50FPV,   2023/11,1467,6751134
CG,REKR,TY,FUCO,CG09000165,KR FC LS IS,14QV,H8SX/16,DF61664W50FPV,   2023/12,2162,9949524
CG,REKR,TY,FUCO,CG09000165,KR FC LS IS,14QV,H8SX/16,DF61664W50FPV,   2024/01,1920,8835840
CG,REKR,TY,FUCO,CG09000165,KR FC LS IS,19ST,SH-ETHER,HD6417712BPV,   2024/02,9282,20984745
CG,REKR,TY,FUCO,CG09000165,KR FC LS IS,19ST,SH-ETHER,HD6417712XV,   2024/03,126,289941
CG,REKR,TY,FUCO,CG09000165,KR FC LS IS,14QB,SH1/SH2,HD64F7144F50V,   2023/10,120,306864
CG,REKR,TY,FUCO,CG09000165,KR FC LS IS,14QB,SH1/SH2,HD64F7144F50V,   2023/12,2760,7057872
CG,REKR,TY,FUCO,CG09000165,KR FC LS IS,17FV,R-IN,MC-10287BF1-HN4-M1-A,   2023/06,350,798000
CG,REKR,TY,FUCO,CG09000165,KR FC LS IS,17FV,R-IN,MC-10287BF1-HN4-M1-A,   2023/07,350,798000
CG,REKR,TY,FUCO,CG09000165,KR FC LS IS,17FV,R-IN,MC-10287BF1-HN4-M1-A,   2023/09,350,798000
CG,REKR,TY,FUCO,CG09000165,KR FC LS IS,17FV,R-IN,MC-10287BF1-HN4-M1-A,   2023/11,350,798000
CG,REKR,TY,FUCO,CG09000165,KR FC LS IS,25B7,SRAM FAST (4M),R1RP0416DSB-2PR#D1,?2022/12,127,143256
CG,REKR,TY,FUCO,CG09000165,KR FC LS IS,14QQ,H8S/23/24/26,R4F24249DFPV,   2023/07,4515,4854528
CG,REKR,TY,FUCO,CG09000165,KR FC LS IS,14QQ,H8S/23/24/26,R4F24249DFPV,   2023/08,1870,2010624
CG,REKR,TY,FUCO,CG09000165,KR FC LS IS,14QQ,H8S/23/24/26,R4F24249DFPV,   2023/09,900,967680
CG,REKR,TY,FUCO,CG09000165,KR FC LS IS,14QQ,H8S/23/24/26,R4F24249DFPV,   2023/11,13880,14923776
CG,REKR,TY,FUCO,CG09000165,KR FC LS IS,14QQ,H8S/23/24/26,R4F24249DFPV,   2024/01,2790,2999808
CG,REKR,TY,FUCO,CG09000165,KR FC LS IS,13EJ,RL78_GENERAL,R5F100LEGFB#10,   2023/11,11520,1714176
CG,REKR,TY,FUCO,CG09000165,KR FC LS IS,13EJ,RL78_GENERAL,R5F100LEGFB#10,   2023/12,23040,3428352
CG,REKR,TY,FUCO,CG09000165,KR FC LS IS,14QW,RX200/100,R5F52306ADFP#10,   2023/12,2880,1054080
CG,REKR,TY,FUCO,CG09000165,KR FC LS IS,14QW,RX200/100,R5F52306ADFP#10,   2024/02,1440,527040
CG,REKR,TY,FUCO,CG09000165,KR FC LS IS,14QW,RX200/100,R5F52306ADFP#10,   2024/03,6480,2371680
CG,REKR,TY,FUCO,CG09000165,KR FC LS IS,14QY,RX600,R5F56218BDFP#H0,   2024/02,720,574560
CG,REKR,TY,FUCO,CG09000165,KR FC LS IS,14QY,RX600,R5F5631BDDFC#V0,   2023/07,142,157960
CG,REKR,TY,FUCO,CG09000165,KR FC LS IS,14QY,RX600,R5F5631BDDFC#V0,   2023/08,1040,1156896
CG,REKR,TY,FUCO,CG09000165,KR FC LS IS,14QY,RX600,R5F5631BDDFC#V0,   2023/09,480,533952
CG,REKR,TY,FUCO,CG09000165,KR FC LS IS,14QY,RX600,R5F5631BDDFC#V0,   2023/11,480,533952
CG,REKR,TY,FUCO,CG09000165,KR FC LS IS,14QY,RX600,R5F5631BDDFC#V0,   2023/12,236,262527
CG,REKR,TY,FUCO,CG09000165,KR FC LS IS,14QY,RX600,R5F5631BDDFC#V0,   2024/02,320,355968
CG,REKR,TY,FUCO,CG09000165,KR FC LS IS,14QY,RX600,R5F5631EDDBG#G0,   2024/03,1368,1718755
CG,REKR,TY,FUCO,CG09000165,KR FC LS IS,14QY,RX600,R5F564MFDDBG#21,   2023/07,1373,1509198
CG,REKR,TY,FUCO,CG09000165,KR FC LS IS,14QY,RX600,R5F564MFDDBG#21,   2023/08,852,936519
CG,REKR,TY,FUCO,CG09000165,KR FC LS IS,14QY,RX600,R5F564MFDDBG#21,   2023/09,13757,15121695
CG,REKR,TY,FUCO,CG09000165,KR FC LS IS,14QY,RX600,R5F564MFDDBG#21,   2023/10,21536,23672372
CG,REKR,TY,FUCO,CG09000165,KR FC LS IS,14QY,RX600,R5F564MFDDBG#21,   2023/11,26671,29316764
CG,REKR,TY,FUCO,CG09000165,KR FC LS IS,14QY,RX600,R5F571MFDDBG#20,   2023/11,2479,2980749
CG,REKR,TY,FUCO,CG09000165,KR FC LS IS,14QY,RX600,R5F571MFDDBG#20,   2023/12,12075,14518980
CG,REKR,TY,FUCO,CG09000165,KR FC LS IS,14QV,H8SX/16,R5F61668RD50FPV,   2023/12,26,57282
CG,REKR,TY,FUCO,CG09000165,KR FC LS IS,14QV,H8SX/16,R5F61668RD50FPV,   2024/01,5341,11767292
CG,REKR,TY,FUCO,CG09000165,KR FC LS IS,19SU,RZ/A_SH2ACR,R5S72625P144FP#UZ,   2024/03,7228,10970369
CG,REKR,TY,FUCO,CG09000165,KR FC LS IS,25TR,STD-LINEAR2,RNA51957AFP#H0,?2022/12,152500,2891400
CG,REKR,TY,FUCO,CG09000165,KR FC LS IS,25TR,STD-LINEAR2,RNA51957BFP#H0,   2023/03,115000,2180400
CG,REKR,TY,FUCO,CG09000165,KR FC LS IS,25TR,STD-LINEAR2,RNA51958BFP#H0,?2022/12,17500,331800
CG,REKR,TY,FUCO,CG09000165,KR FC LS IS,25TR,STD-LINEAR2,RNA51958BFP#H0,   2023/01,17500,331800
CG,REKR,TY,FUCO,CG09000165,KR FC LS IS,1AE9,TOOL_HARD,RTK9743U11S01000BE,?2022/12,3,162000
CG,REKR,TY,FUCO,CG09000165,KR FC LS IS,25S7,LEGACY LIC,UPC393G2-E2-A,?2022/12,45000,1490400
CG,REKR,TY,FUCO,CG09000165,KR FC LS IS,25S7,LEGACY LIC,UPC393G2-E2-A,   2023/01,40000,1324800
CG,REKR,TY,FUCO,CG09000165,KR FC LS IS,13KH,78KX2/K-2,UPD78F0535AGK-GAJ-AX,   2023/05,18026,6900350
CG,REKR,TY,FUCO,CG09000165,KR FC LS IS,13KH,78KX2/K-2,UPD78F0535AGK-GAJ-AX,   2023/06,952,364426
CG,REKR,TY,FUCO,CG09000165,KR FC LS IS,13KH,78KX2/K-2,UPD78F0535AGK-GAJ-AX,   2023/07,4516,1728725
CG,REKR,TY,FUCO,CG09000165,KR FC LS IS,13KH,78KX2/K-2,UPD78F0535AGK-GAJ-AX,   2023/08,16995,6505686
CG,REKR,TY,FUCO,CG09000165,KR FC LS IS,13KH,78KX2/K-2,UPD78F0535AGK-GAJ-AX,   2023/09,8119,3107954
CG,REKR,TY,FUCO,CG09000165,KR FC LS IS,13KH,78KX2/K-2,UPD78F0535AGK-GAJ-AX,   2023/11,6648,2544855
CG,REKR,TY,FUCO,CG09000165,KR FC LS IS,13KH,78KX2/K-2,UPD78F0535AGK-GAJ-AX,   2024/01,465,178002
CG,REKR,TY,FUCO,CG09000166,KR FC LG INO GJ,13EI,RA_FAMILY-1,R7FA2L1A93CFM#BA0,   2024/02,57600,4285440
CG,REKR,TY,FUCO,CG09000166,KR FC LG INO GJ,13EI,RA_FAMILY-1,R7FA2L1A93CFM#BA0,   2024/03,26880,1999872
CG,REKR,TY,FUCO,CG09000174,KR FC LG REF,14QW,RX200/100,R5F51308ADFP#10,   2024/02,101420,15383385
CG,REKR,TY,FUCO,CG09000174,KR FC LG REF,14QW,RX200/100,R5F51308ADFP#10,   2024/03,31680,4805223
CG,REKR,TY,FUCO,CG09000177,KR FC LG TV2,13EJ,RL78_GENERAL,R5F100GEAFB#10,   2023/09,1950,74880
CG,REKR,TY,FUCO,CG09000177,KR FC LG TV2,13EJ,RL78_GENERAL,R5F100PJAFB#10,   2023/10,79920,9014976
CG,REKR,TY,FUCO,CG09000177,KR FC LG TV2,13EJ,RL78_GENERAL,R5F100PJAFB#10,   2023/11,56880,6416064
CG,REKR,TY,FUCO,CG09000177,KR FC LG TV2,13EJ,RL78_GENERAL,R5F100PJAFB#10,   2023/12,43200,4872960
CG,REKR,TY,FUCO,CG09000177,KR FC LG TV2,14QI,RX-ASSP,R5F526TFDGFP#30,   2024/03,1350,321570
CG,REKR,TY,FUCO,CG09000177,KR FC LG TV2,1AQ4,EVALUATION TOOL,RTK0EMX270S00020BJ,?2022/12,1,32205
CG,REKR,TY,FUCO,CG09000177,KR FC LG TV2,1AQ4,EVALUATION TOOL,RTK0EMX870C00000BJ,?2022/12,2,16800
CG,REKR,TY,FUCO,CG09000177,KR FC LG TV2,13KH,78KX2/K-2,UPD78F0515AGA(S)-8EU-AT,   2023/12,26403,1748933
CG,REKR,TY,FUCO,CG09000177,KR FC LG TV2,13KH,78KX2/K-2,UPD78F0515AGA(S)-8EU-AT,   2024/01,4693,310865
CG,REKR,TY,FUCO,CG09000177,KR FC LG TV2,13KH,78KX2/K-2,UPD78F0515AGA(S)-8EU-AT,   2024/02,5345,354053
CG,REKR,TY,FUCO,CG09000177,KR FC LG TV2,13KH,78KX2/K-2,UPD78F0515AGA(S)-8EU-AT,   2024/03,71116,4710724
CG,REKR,TY,FUCO,CG09000177,KR FC LG TV2,13K6,78K0R/K,UPD78F1166AGF(S)-GAS-AX,   2024/03,6336,961804
CG,REKR,TY,FUCO,CG09000178,KR FC LG W.M,13EJ,RL78_GENERAL,R5F104AEGSP#10,   2023/09,1630,125184
CG,REKR,TY,FUCO,CG09000178,KR FC LG W.M,13EJ,RL78_GENERAL,R5F104MGAFB#10,   2023/07,4760,439823
CG,REKR,TY,FUCO,CG09000178,KR FC LG W.M,13EJ,RL78_GENERAL,R5F104MGAFB#10,   2023/08,15232,1407437
CG,REKR,TY,FUCO,CG09000178,KR FC LG W.M,13EJ,RL78_GENERAL,R5F104MGAFB#10,   2023/10,952,87965
CG,REKR,TY,FUCO,CG09000178,KR FC LG W.M,13EJ,RL78_GENERAL,R5F104MGAFB#10,   2023/11,4760,439824
CG,REKR,TY,FUCO,CG09000178,KR FC LG W.M,14QW,RX200/100,R5F51305ADFK#10,   2023/11,75600,6804000
CG,REKR,TY,FUCO,CG09000178,KR FC LG W.M,14QW,RX200/100,R5F51305ADFK#10,   2023/12,17280,1555200
CG,REKR,TY,FUCO,CG09000178,KR FC LG W.M,14QW,RX200/100,R5F51305ADFK#10,   2024/03,54720,4924800
CG,REKR,TY,FUCO,CG09000178,KR FC LG W.M,14QW,RX200/100,R5F51306BDFM#10,   2023/10,180180,16670102
CG,REKR,TY,FUCO,CG09000178,KR FC LG W.M,14QW,RX200/100,R5F51306BDFM#10,   2023/11,94720,8765389
CG,REKR,TY,FUCO,CG09000178,KR FC LG W.M,14QW,RX200/100,R5F51306BDFM#10,   2023/12,55040,5093402
CG,REKR,TY,FUCO,CG09000178,KR FC LG W.M,14QW,RX200/100,R5F51306BDFM#10,   2024/01,35840,3316634
CG,REKR,TY,FUCO,CG09000178,KR FC LG W.M,14QW,RX200/100,R5F51306BDFM#10,   2024/02,247040,22861082
CG,REKR,TY,FUCO,CG09000178,KR FC LG W.M,14QW,RX200/100,R5F51306BDFM#10,   2024/03,149760,13858791
CG,REKR,TY,FUCO,CG09000178,KR FC LG W.M,13EI,RA_FAMILY-1,R7FA2E1A73CNH#AA0,?2022/12,2000,192000
CG,REKR,TY,FUCO,CG09000178,KR FC LG W.M,13EI,RA_FAMILY-1,R7FA2E1A93CNE#AA0,   2023/07,5007,360504
CG,REKR,TY,FUCO,CG09000178,KR FC LG W.M,13EI,RA_FAMILY-1,R7FA2E1A93CNE#AA0,   2023/10,27949,2012328
CG,REKR,TY,FUCO,CG09000178,KR FC LG W.M,13EI,RA_FAMILY-1,R7FA2E1A93CNE#AA0,   2023/11,3530,254160
CG,REKR,TY,FUCO,CG09000178,KR FC LG W.M,13EI,RA_FAMILY-1,R7FA2E1A93CNE#AA0,   2023/12,14849,1069128
CG,REKR,TY,FUCO,CG09000178,KR FC LG W.M,13EI,RA_FAMILY-1,R7FA2E1A93CNE#AA0,   2024/01,1000,72000
CG,REKR,TY,FUCO,CG09000178,KR FC LG W.M,13EI,RA_FAMILY-1,R7FA2E1A93CNE#AA0,   2024/02,10775,775800
CG,REKR,TY,FUCO,CG09000178,KR FC LG W.M,13EI,RA_FAMILY-1,R7FA2L1A93CFM#AA0,   2023/09,5744,427353
CG,REKR,TY,FUCO,CG09000178,KR FC LG W.M,13EI,RA_FAMILY-1,R7FA2L1A93CFM#BA0,   2023/09,14080,1047552
CG,REKR,TY,FUCO,CG09000178,KR FC LG W.M,13EI,RA_FAMILY-1,R7FA2L1A93CFM#BA0,   2023/11,140800,10475520
CG,REKR,TY,FUCO,CG09000178,KR FC LG W.M,13EI,RA_FAMILY-1,R7FA2L1A93CFM#BA0,   2023/12,48640,3618816
CG,REKR,TY,FUCO,CG09000178,KR FC LG W.M,13EI,RA_FAMILY-1,R7FA2L1A93CFP#AA0,   2023/08,100,16920
CG,REKR,TY,FUCO,CG09000178,KR FC LG W.M,13EI,RA_FAMILY-1,R7FA2L1AB3CFM#BA0,   2024/01,9940,865951
CG,REKR,TY,FUCO,CG09000178,KR FC LG W.M,13EI,RA_FAMILY-1,R7FA2L1AB3CFM#BA0,   2024/02,6400,557568
CG,REKR,TY,FUCO,CG09000178,KR FC LG W.M,13EI,RA_FAMILY-1,R7FA2L1AB3CFM#BA0,   2024/03,29440,2564813
CG,REKR,TY,FUCO,CG09000178,KR FC LG W.M,25HP,BATTERY,RAJ240090A20GFP#HC2,   2023/08,69000,11385000
CG,REKR,TY,FUCO,CG09000178,KR FC LG W.M,25HP,BATTERY,RAJ240090A20GFP#HC2,   2023/09,43500,7177500
CG,REKR,TY,FUCO,CG09000178,KR FC LG W.M,25HP,BATTERY,RAJ240090A20GFP#HC2,   2023/10,64500,10642500
CG,REKR,TY,FUCO,CG09000178,KR FC LG W.M,25HP,BATTERY,RAJ240090A20GFP#HC2,   2024/03,22500,3712500
CG,REKR,TY,FUCO,CG09000178,KR FC LG W.M,1AE9,TOOL_HARD,RTK5051308S00000BE,   2023/03,2,57600
CG,REKR,TY,FUCO,CG09000180,KR FCA LG CAR,12ER,RL78(AUTO),R5F10BGFCLFB#15,   2024/02,14000,1327200
CG,REKR,TY,FUCO,CG09000180,KR FCA LG CAR,12ER,RL78(AUTO),R5F10BGFCLFB#15,   2024/03,38000,3602400
CG,REKR,TY,FUCO,CG09000180,KR FCA LG CAR,12ER,RL78(AUTO),R5F10PGHCKFB#15,   2023/04,500,74400
CG,REKR,TY,FUCO,CG09000180,KR FCA LG CAR,12ER,RL78(AUTO),R5F10PGHCLFB#15,?2022/12,18000,2219904
CG,REKR,TY,FUCO,CG09000180,KR FCA LG CAR,12ER,RL78(AUTO),R5F10PLHCLFB#55,   2024/02,43000,5949820
CG,REKR,TY,FUCO,CG09000180,KR FCA LG CAR,12ER,RL78(AUTO),R5F10PLHCLFB#55,   2024/03,214000,29619740
CG,REKR,TY,FUCO,CG09000180,KR FCA LG CAR,12ER,RL78(AUTO),R5F113PKCLFB#15,   2023/09,24480,5264005
CG,REKR,TY,FUCO,CG09000180,KR FCA LG CAR,12ER,RL78(AUTO),R5F113PKCLFB#15,   2023/10,5040,1083953
CG,REKR,TY,FUCO,CG09000180,KR FCA LG CAR,12ER,RL78(AUTO),R5F113PKCLFB#15,   2023/11,36720,7897371
CG,REKR,TY,FUCO,CG09000180,KR FCA LG CAR,12ER,RL78(AUTO),R5F113PKCLFB#15,   2023/12,17280,3716410
CG,REKR,TY,FUCO,CG09000180,KR FCA LG CAR,12ER,RL78(AUTO),R5F113PKCLFB#15,   2024/01,7200,1548504
CG,REKR,TY,FUCO,CG09000180,KR FCA LG CAR,12ER,RL78(AUTO),R5F113PKCLFB#15,   2024/02,8640,1858205
CG,REKR,TY,FUCO,CG09000180,KR FCA LG CAR,19SU,RZ/A_SH2ACR,R5S726A0P216FP#VZ,   2024/02,561,337946
CG,REKR,TY,FUCO,CG09000180,KR FCA LG CAR,19SU,RZ/A_SH2ACR,R5S726A0P216FP#VZ,   2024/03,159,95782
CG,REKR,TY,FUCO,CG09000180,KR FCA LG CAR,11JS,RH850/F,R7F7010173AFP-C#BA4,   2023/09,6664,1583365
CG,REKR,TY,FUCO,CG09000180,KR FCA LG CAR,11JS,RH850/F,R7F7010173AFP-C#BA4,   2023/10,2856,678586
CG,REKR,TY,FUCO,CG09000180,KR FCA LG CAR,11JS,RH850/F,R7F7010173AFP-C#BA4,   2023/11,2856,678586
CG,REKR,TY,FUCO,CG09000180,KR FCA LG CAR,11JS,RH850/F,R7F7010303AFD#KA4,   2023/07,2400,921600
CG,REKR,TY,FUCO,CG09000180,KR FCA LG CAR,11JS,RH850/F,R7F7010303AFD#KA4,   2023/09,13600,5222400
CG,REKR,TY,FUCO,CG09000180,KR FCA LG CAR,11JS,RH850/F,R7F7010303AFP-C#BA4,   2023/07,16800,6451200
CG,REKR,TY,FUCO,CG09000180,KR FCA LG CAR,11JS,RH850/F,R7F7010333AFP-C#BA4,   2023/11,16320,5995397
CG,REKR,TY,FUCO,CG09000180,KR FCA LG CAR,11JS,RH850/F,R7F7010333AFP-C#BA4,   2023/12,4160,1528260
CG,REKR,TY,FUCO,CG09000180,KR FCA LG CAR,11JS,RH850/F,R7F7010333AFP-C#BA4,   2024/01,2240,822909
CG,REKR,TY,FUCO,CG09000180,KR FCA LG CAR,11JS,RH850/F,R7F7010333AFP-C#BA4,   2024/02,9280,3409194
CG,REKR,TY,FUCO,CG09000180,KR FCA LG CAR,11JS,RH850/F,R7F7010333AFP-C#BA4,   2024/03,27200,9992464
CG,REKR,TY,FUCO,CG09000180,KR FCA LG CAR,11JS,RH850/F,R7F7010453AFP#BA2,   2024/02,154080,41424048
CG,REKR,TY,FUCO,CG09000180,KR FCA LG CAR,11JS,RH850/F,R7F7010453AFP#BA2,   2024/03,60480,16260048
CG,REKR,TY,FUCO,CG09000180,KR FCA LG CAR,11JS,RH850/F,R7F7010453AFP-C#BA2,   2024/01,26640,7413912
CG,REKR,TY,FUCO,CG09000180,KR FCA LG CAR,11JS,RH850/F,R7F7010453AFP-C#BA2,   2024/02,17280,4809024
CG,REKR,TY,FUCO,CG09000180,KR FCA LG CAR,11JS,RH850/F,R7F7010453AFP-C#BA2,   2024/03,25200,7013160
CG,REKR,TY,FUCO,CG09000180,KR FCA LG CAR,11JS,RH850/F,R7F7015433AFP-C#BA3,   2024/01,9120,3351768
CG,REKR,TY,FUCO,CG09000180,KR FCA LG CAR,11JS,RH850/F,R7F7015433AFP-C#BA3,   2024/02,39840,14643192
CG,REKR,TY,FUCO,CG09000180,KR FCA LG CAR,11JS,RH850/F,R7F7015433AFP-C#BA3,   2024/03,37440,13761072
CG,REKR,TY,FUCO,CG09000180,KR FCA LG CAR,11JS,RH850/F,R7F7015473AFE#BA3,?2022/12,8640,3723840
CG,REKR,TY,FUCO,CG09000180,KR FCA LG CAR,11JS,RH850/F,R7F7015473AFP-C#BA3,   2024/02,24000,10600288
CG,REKR,TY,FUCO,CG09000180,KR FCA LG CAR,11JS,RH850/F,R7F7015473AFP-C#BA3,   2024/03,50240,22191008
CG,REKR,TY,FUCO,CG09000180,KR FCA LG CAR,11JS,RH850/F,R7F7015473AFP-C#KA3,?2022/12,400,155520
CG,REKR,TY,FUCO,CG09000180,KR FCA LG CAR,11JS,RH850/F,R7F7015813AFE#BA3,   2024/03,343440,94896567
CG,REKR,TY,FUCO,CG09000180,KR FCA LG CAR,11JS,RH850/F,R7F7015813AFP-C#BA3,   2024/01,48960,14017708
CG,REKR,TY,FUCO,CG09000180,KR FCA LG CAR,11JS,RH850/F,R7F7015813AFP-C#BA3,   2024/02,124560,35664020
CG,REKR,TY,FUCO,CG09000180,KR FCA LG CAR,11JS,RH850/F,R7F7015813AFP-C#BA3,   2024/03,7200,2061504
CG,REKR,TY,FUCO,CG09000180,KR FCA LG CAR,11JS,RH850/F,R7F7015814AFP-C#BA3,   2024/03,4320,1377959
CG,REKR,TY,FUCO,CG09000180,KR FCA LG CAR,11JS,RH850/F,R7F7015874AFP-C#BA3,   2024/03,2240,1024128
CG,REKR,TY,FUCO,CG09000180,KR FCA LG CAR,11JS,RH850/F,R7F7016443AFP-C#BA1,   2023/09,1360,565218
CG,REKR,TY,FUCO,CG09000180,KR FCA LG CAR,11JS,RH850/F,R7F7016443AFP-C#BA1,   2023/10,8640,3591562
CG,REKR,TY,FUCO,CG09000180,KR FCA LG CAR,11JS,RH850/F,R7F7016443AFP-C#BA1,   2023/11,12960,5387343
CG,REKR,TY,FUCO,CG09000180,KR FCA LG CAR,11JS,RH850/F,R7F7016443AFP-C#BA1,   2023/12,720,299297
CG,REKR,TY,FUCO,CG09000180,KR FCA LG CAR,11JS,RH850/F,R7F7016443AFP-C#BA1,   2024/02,3600,1496484
CG,REKR,TY,FUCO,CG09000180,KR FCA LG CAR,11JS,RH850/F,R7F7016453AFD-C#BA1,   2023/12,720,620352
CG,REKR,TY,FUCO,CG09000180,KR FCA LG CAR,11JS,RH850/F,R7F7016453AFD-C#BA1,   2024/03,720,620352
CG,REKR,TY,FUCO,CG09000180,KR FCA LG CAR,11JS,RH850/F,R7F7016473AFP-C#BA1,   2024/02,14400,6618240
CG,REKR,TY,FUCO,CG09000180,KR FCA LG CAR,11JS,RH850/F,R7F7016483AFP-C#BA1,?2022/12,960,855820
CG,REKR,TY,FUCO,CG09000180,KR FCA LG CAR,11JS,RH850/F,R7F7016493AFD-C#BA1,   2024/01,1600,942720
CG,REKR,TY,FUCO,CG09000180,KR FCA LG CAR,11JS,RH850/F,R7F7016493AFD-C#BA1,   2024/02,640,377088
CG,REKR,TY,FUCO,CG09000180,KR FCA LG CAR,11JS,RH850/F,R7F7016514ABG-C#BC1,   2024/02,9639,5956902
CG,REKR,TY,FUCO,CG09000180,KR FCA LG CAR,11JS,RH850/F,R7F7016514ABG-C#BC1,   2024/03,113526,70159068
CG,REKR,TY,FUCO,CG09000180,KR FCA LG CAR,11JS,RH850/F,R7F7016903AFP-C#AA1,   2024/03,640,296448
CG,REKR,TY,FUCO,CG09000180,KR FCA LG CAR,11KR,RH850/U,R7F702301BEBBA-C#BC6,   2023/11,540,1296000
CG,REKR,TY,FUCO,CG09000180,KR FCA LG CAR,15G9,R-CAR,R8A77980ALBN1BA#GE,   2024/03,51000,160809955
CG,REKR,TY,FUCO,CG09000180,KR FCA LG CAR,15G9,R-CAR,R8A77980LA01BA#YB1,   2023/12,50,540000
CG,REKR,TY,FUCO,CG09000180,KR FCA LG CAR,15G9,R-CAR,R8A77980LBN1BA#G9,   2023/12,61500,266491800
CG,REKR,TY,FUCO,CG09000180,KR FCA LG CAR,15G9,R-CAR,R8A77980LBN1BA#G9,   2024/01,127200,551183040
CG,REKR,TY,FUCO,CG09000180,KR FCA LG CAR,15G9,R-CAR,R8A77980LBN1BA#G9,   2024/02,40500,175494600
CG,REKR,TY,FUCO,CG09000180,KR FCA LG CAR,15G9,R-CAR,R8A77980LBN1BA#G9,   2024/03,9000,38998800
CG,REKR,TY,FUCO,CG09000180,KR FCA LG CAR,15G9,R-CAR,R8A779F7LA80BG#YK2,   2023/03,50,360000
CG,REKR,TY,FUCO,CG09000180,KR FCA LG CAR,15G9,R-CAR,R8A779M4JA60BG#YK9,   2024/02,150,1080000
CG,REKR,TY,FUCO,CG09000180,KR FCA LG CAR,1AE9,TOOL_HARD,RTE0T00020KCAC0000J,   2024/02,3,18000
CG,REKR,TY,FUCO,CG09000180,KR FCA LG CAR,1AE9,TOOL_HARD,RTE0T00020KCE00000R,   2024/03,10,454800
CG,REKR,TY,FUCO,CG09000180,KR FCA LG CAR,1AE9,TOOL_HARD,RTE0T0002LKCE00000R,   2024/03,5,30600
CG,REKR,TY,FUCO,CG09000180,KR FCA LG CAR,12JQ,V850ES/S,UPD70F3347GJ(A)-GAE-AX,   2023/12,14947,4622178
CG,REKR,TY,FUCO,CG09000180,KR FCA LG CAR,12JQ,V850ES/S,UPD70F3347GJ(A)-GAE-AX,   2024/01,22958,7100910
CG,REKR,TY,FUCO,CG09000180,KR FCA LG CAR,12JQ,V850ES/S,UPD70F3347GJ(A)-GAE-AX,   2024/02,28874,8930729
CG,REKR,TY,FUCO,CG09000180,KR FCA LG CAR,12JQ,V850ES/S,UPD70F3347GJ(A)-GAE-AX,   2024/03,30920,9563556
CG,REKR,TY,FUCO,CG09000180,KR FCA LG CAR,12JC,V850E2/F,UPD70F3584GJA-GAE-QS-AX,?2022/12,24678,9365301
CG,REKR,TY,FUCO,CG09000180,KR FCA LG CAR,12K3,78K0R/F,UPD78F1845GCA-UEU-G,   2023/09,22689,5460037
CG,REKR,TY,FUCO,CG09000180,KR FCA LG CAR,12K3,78K0R/F,UPD78F1845GCA-UEU-G,   2023/10,18547,4463892
CG,REKR,TY,FUCO,CG09000180,KR FCA LG CAR,12K3,78K0R/F,UPD78F1845GCA-UEU-G,   2023/11,18482,4448248
CG,REKR,TY,FUCO,CG09000180,KR FCA LG CAR,12K3,78K0R/F,UPD78F1845GCA-UEU-G,   2023/12,23032,5543342
CG,REKR,TY,FUCO,CG09000180,KR FCA LG CAR,12K3,78K0R/F,UPD78F1845GCA-UEU-G,   2024/01,2263,544659
CG,REKR,TY,FUCO,CG09000180,KR FCA LG CAR,12K3,78K0R/F,UPD78F1845GCA-UEU-G,   2024/02,2351,565839
CG,REKR,TY,FUCO,CG09000180,KR FCA LG CAR,12K3,78K0R/F,UPD78F1845GCA-UEU-G,   2024/03,1565,376665
